first_name,last_name,birthday,city
Jeremy,Arnold,29.03.1971,Duesseldorf
Joan,Coleman,12.08.1974,Hongyang
Andrea,Lewis,01.02.1990,El Paisnal
Kathleen,Moore,19.11.1997,Shangbahe
Roger,Burns,07.06.1979,Damawato
Justin,Duncan,20.11.1990,Berlin
Catherine,Edwards,12.06.1990,Beauceville
Kimberly,Simmons,26.10.1979,San Nicolas
Gerald,Powell,18.09.1991,Sinegorskiy
Gerald,Stanley,03.05.1980,Glencoe
Nicole,Hanson,02.02.1986,Laya
Aaron,Mason,26.12.1999,Élancourt
Jesse,West,09.06.1980,Leśnica
Joseph,Lopez,17.08.1976,Yŏnmu
Rose,Gordon,19.04.1976,München
Timothy,Richardson,21.07.1982,Pasar
Victor,Ross,11.06.1999,Ar Rahad
Jennifer,Perkins,19.12.1983,Elbasan
Mildred,Williamson,25.10.1996,Bình Thủy
Todd,Carr,25.11.1978,Fuxin
Wayne,Price,16.10.1977,Lizi
Shawn,Austin,15.08.1986,Frankfurt
Peter,Williamson,24.10.1982,Zemio
Walter,Evans,02.07.1974,Sindangan
Catherine,Burns,27.10.2000,Wieczfnia Kościelna
Emily,Fox,02.11.1978,Raci Kulon
William,Rivera,18.04.1999,Huacrachuco
Albert,Snyder,22.12.1995,Luotuo
Elizabeth,Fuller,24.07.1971,Luoxi
Timothy,Henderson,11.05.1998,Paulpietersburg
Jean,Lawson,25.05.1976,Düsseldorf
Rachel,Ortiz,22.05.1990,Vale de Figueira
Ernest,Ortiz,20.06.1992,Kozmice
Denise,Wagner,24.09.1996,Wairiang
Ernest,Wilson,16.10.1996,Arauco
Janet,Ferguson,04.01.1975,Cabeças Verdes
Lisa,Morris,13.09.2000,Vaitape
Alice,Robertson,08.10.1984,Madrid
Carolyn,Hawkins,12.07.1976,Suruhan
Mark,Lewis,11.03.1999,San Vicente
Joseph,Ray,06.01.1992,Düsseldorf
Willie,Richardson,26.06.1978,Tongzilin
Carolyn,Chapman,03.07.1999,Tianzhuang
Nicole,Willis,13.03.1985,Breda
Julie,Woods,31.05.1991,Maishi
Patrick,Williams,08.03.1989,Chyżne
Gary,Fowler,07.07.2000,Carlos Tejedor
Kelly,Garcia,29.11.1985,Cikaduen
Roger,Miller,20.04.1972,Bukavu
Paula,Greene,04.02.1998,Naranjo
Andrew,Stone,16.11.1997,Düsseldorf
Jerry,Perry,19.06.1995,Aban
Denise,Walker,24.11.1999,Xiaojin
Mark,Walker,08.11.1997,Kítsi
Alice,Griffin,22.07.1991,Osnabrück
Earl,Adams,19.05.1998,Duesseldorf
Irene,Harris,28.02.1992,La Cesira
Frank,Coleman,24.11.1989,Skore
Barbara,Gutierrez,06.12.1974,Granada
Carol,Ellis,26.09.1988,Huntington
Earl,Ryan,11.04.1973,Abashiri
Carlos,Weaver,22.06.1991,Pegongan
David,Perry,21.09.1995,Homa Bay
Elizabeth,Sims,22.09.1996,Talayan
Norma,Hill,29.05.1997,Ganchazi
Henry,Ruiz,03.11.1972,Torre
Jeremy,Rodriguez,10.01.1997,Kingersheim
Emily,Walker,30.06.1973,Düsseldorf
Wayne,Patterson,10.01.1971,Frankfurt
James,Allen,25.03.1980,Düsseldorf
Elizabeth,Stephens,24.12.1990,Torbay
Brenda,Baker,17.10.1975,Poste du Lac
Carlos,Brown,29.03.1991,Giedlarowa
Eric,Moore,22.03.1985,Xilin
Ann,Romero,30.01.2000,Nueva Esperanza
Jessica,Oliver,14.10.1997,Berkovitsa
Joe,Burton,12.07.1986,Yixi
Cheryl,Hicks,10.12.1978,Kanália
Howard,Medina,02.06.1974,Infantas
David,Snyder,16.12.1987,Minokamo
Gary,Burke,26.01.1993,Palana
Katherine,Martinez,04.06.1980,Ludvika
Evelyn,Snyder,09.07.1987,Domartang
Amanda,Garza,13.08.1983,Penanggal
Fred,Morris,15.11.1975,Hannover
Kathryn,Allen,23.12.1997,Datun
Peter,Frazier,06.02.1992,Huangjin
Victor,Gibson,17.01.1977,Kvissleby
Julia,Graham,28.08.1973,Kórnik
Steven,Brown,25.04.1989,Ribeirinha
Jesse,Hansen,25.12.1970,Granada
Steve,Dunn,09.05.1982,Heshan
William,Harrison,28.01.2000,Ksour Essaf
Cynthia,Campbell,18.04.1990,Ożarów
Christina,Marshall,19.11.1978,Klenak
Jonathan,Murray,07.06.1975,Panolan
Patricia,Parker,09.10.1997,Ciudad Bolívar
Henry,Marshall,09.11.1993,Hamburg
Katherine,Mason,09.08.1971,Huayucachi
Ashley,Sullivan,14.05.1996,Düsseldorf
